INSERT INTO country (id, name) VALUES (1, 'Китай'), 
(2, 'Польша'),
 (3, 'Япония'), 
(4, 'Германия'), 
(5, 'Нидерланды'), 
(6, 'Корея'), 
(7, 'Чехия');

INSERT INTO practice_two_variant (id, legend, package_width, package_length, package_height, package_tons) VALUES (1, 'Компания имеет производственные мощности в Китае, отправляя свою продукцию в Европу через порты Германии преимущественно морским путём в 20-футовых контейнерах с продолжительностью от 40 суток.\nС учётом значительной продолжительности доставки продукции и случившегося кризиса у поставщика транспортных услуг, от существующей схемы Компания планирует отказаться.\nКроме того, в условиях увеличения спроса на производимую продукцию Компания расширила географию присутствия, разместив дополнительные производственные мощности в Японии и Корее и рассматривает новые цепи поставок.\nВ связи с повышением привлекательности ускоренных контейнерных сервисов через Казахстан, Монголию и Россию, Компания планирует использовать новые маршруты и технологии доставки продукции.\nПеред Логистическим департаментом поставлена задача поиска оптимальных маршрутов цепей поставок продукции в страны Европы. Проект поручен группе инициативных логистов.\nНа основании изучения рынка и заключённых договоров на поставку продукции сформированы 5 новых цепей поставок продукции ежемесячно при разных условиях Инкотермс:\n1. Китай - Польша 800 т/месяц\n2. Япония - Германия 600 т/месяц\n3. Япония - Нидерланды 400 т/месяц\n4. Корея - Польша 500 т/месяц\n5. Корея - Чехия 300 т/месяц\nПродукция предоставляется к перевозке в сформированных на поддонах транспортных пакетах размером 1,1м*1,1мм*1м (Д*Ш*В) весом 0,5 т.\nИзучив рынок ускоренных железнодорожных и интермодальных контейнерных сервисов «Door to Door», логисты выбрали варианты маршрутов доставки с фиксированными ставками от логистических провайдеров 3PL (таблица 1). Срок доставки по любому из маршрутов не превышает 22 суток, что полностью устраивает Компанию. Цепи поставок из Китая в Польшу предлагается реализовать тремя различными маршрутами, что увеличивает количество рассматриваемых вариантов.', 1.1, 1.1, 1.1, 0.5);
-- TERMINAL | PORT | COUNTRY
INSERT INTO point (id, type, name) VALUES (1, 'COUNTRY', 'Россия'), 
(2, 'TERMINAL', 'Чунцин (Китай) терминал 1'), 
(3, 'TERMINAL', 'Россия терминал 1'), 
(4, 'COUNTRY', 'Монголия'), 
(5, 'COUNTRY', 'Казахстан'), 
(6, 'PORT', 'морской торговый порт России'), 
(7, 'TERMINAL', 'Йокогама (Япония)'),
(8, 'TERMINAL', 'Гамбург (Германия)'),
(9, 'TERMINAL', 'Роттердам (Нидерланды)'),
(10, 'TERMINAL', 'Пусан (Корея)'), 
(11, 'TERMINAL', 'Варшава (Польша) терминал 1'), 
(12, 'TERMINAL', 'Острава (Чехия)'),
(13, 'TERMINAL', 'Забайкальск (Россия)'),
(14, 'TERMINAL', 'Брест (Белоруссия)'),
(15, 'TERMINAL', 'Наушки (Монголия)'),
(16, 'TERMINAL', 'Достык (Казахстан)'),
(17, 'TERMINAL', 'Восточный (Россия)'),
(18, 'TERMINAL', 'Владивосток (Россия)');

INSERT INTO route (from_point_id, to_point_id, days) VALUES
(3, 2, 10),
(7, 8, 15),
(7,9, 20),
(10, 11, 25),
(10, 12, 30);

INSERT INTO practice_two_variant_bet (variant_id, from_country_id, to_country_id, transit_point_id, start_point_id, end_point_id, tons, third_party_logistics_1, third_party_logistics_2, third_party_logistics_3, answer) VALUES 
(1, 1, 2, 1, 2, 11, 800, 4500, 4800, NULL, '[3, 13, 14, 2]'),
(1, 1, 2, 4, 3, 2, 800, NULL, 4600, 4800, '[3, 15, 14, 2]'),
(1, 1, 2, 5, 3, 2, 800, 4500, NULL, 4600, '[3, 16, 14, 2]'),
(1, 3, 4, 6, 7, 8, 400, 5000, 4800, 4900, '[7, 17, 14, 8]'),
(1, 3, 5, 6, 7, 9, 500, 5000, 4900, 5000, '[7,17, 14, 9]'),
(1, 6, 2, 6, 10,11,500, 4800, 4700, 4800, '[10, 18, 14, 11]'),
(1, 6, 7, 6, 10,12,300, 4900, 4800, 4900, '[10, 18, 14, 12]');
